Quelle,Abflug,Durchschnittspreis
Amadeus,BER,257.6466666666667
Amadeus,CDG,1178.5066666666664
Amadeus,IST,738.2874999999999
Amadeus,LHR,595.5118181818182
