Quelle,Abflug,Durchschnittspreis
Kayak,BER,88.82352941176471
Kayak,CDG,219.58823529411765
Kayak,IST,201.33333333333334
Kayak,LHR,187.8235294117647
